/****** Object:  Table [dbo].[AttributeGroup]    Script Date: 08/16/2013 11:25:07 ******/
INSERT [dbo].[AttributeGroup] ([id], [attributeGroupName]) VALUES (1, N'Accommodation Amenity')
INSERT [dbo].[AttributeGroup] ([id], [attributeGroupName]) VALUES (2, N'Accommodation Service')
INSERT [dbo].[AttributeGroup] ([id], [attributeGroupName]) VALUES (3, N'Accommodation Type')
INSERT [dbo].[AttributeGroup] ([id], [attributeGroupName]) VALUES (4, N'Activity')
INSERT [dbo].[AttributeGroup] ([id], [attributeGroupName]) VALUES (5, N'Approved by')
INSERT [dbo].[AttributeGroup] ([id], [attributeGroupName]) VALUES (6, N'Area of Interest')
INSERT [dbo].[AttributeGroup] ([id], [attributeGroupName]) VALUES (7, N'Art Product Type')
INSERT [dbo].[AttributeGroup] ([id], [attributeGroupName]) VALUES (8, N'Campground Amenity')
INSERT [dbo].[AttributeGroup] ([id], [attributeGroupName]) VALUES (9, N'Core Experience')
INSERT [dbo].[AttributeGroup] ([id], [attributeGroupName]) VALUES (10, N'Cultural Heritage')
INSERT [dbo].[AttributeGroup] ([id], [attributeGroupName]) VALUES (11, N'Feature')
INSERT [dbo].[AttributeGroup] ([id], [attributeGroupName]) VALUES (12, N'Government Level')
INSERT [dbo].[AttributeGroup] ([id], [attributeGroupName]) VALUES (14, N'Medium')
INSERT [dbo].[AttributeGroup] ([id], [attributeGroupName]) VALUES (15, N'Membership')
INSERT [dbo].[AttributeGroup] ([id], [attributeGroupName]) VALUES (16, N'PetsPolicy')
INSERT [dbo].[AttributeGroup] ([id], [attributeGroupName]) VALUES (17, N'PrintOptions')
INSERT [dbo].[AttributeGroup] ([id], [attributeGroupName]) VALUES (18, N'ProductCategory')
INSERT [dbo].[AttributeGroup] ([id], [attributeGroupName]) VALUES (19, N'RestaurantServices')
INSERT [dbo].[AttributeGroup] ([id], [attributeGroupName]) VALUES (20, N'ShareInformationWith')
INSERT [dbo].[AttributeGroup] ([id], [attributeGroupName]) VALUES (22, N'EditorChecks')
INSERT [dbo].[AttributeGroup] ([id], [attributeGroupName]) VALUES (23, N'Cuisine')
INSERT [dbo].[AttributeGroup] ([id], [attributeGroupName]) VALUES (24, N'Tour Type')
INSERT [dbo].[AttributeGroup] ([id], [attributeGroupName]) VALUES (25, N'Restaurant Type')
INSERT [dbo].[AttributeGroup] ([id], [attributeGroupName]) VALUES (26, N'Restaurant Specialty')
INSERT [dbo].[AttributeGroup] ([id], [attributeGroupName]) VALUES (27, N'Exhibit Type')
INSERT [dbo].[AttributeGroup] ([id], [attributeGroupName]) VALUES (28, N'Coordinate Edit Checks')
INSERT [dbo].[AttributeGroup] ([id], [attributeGroupName]) VALUES (29, N'Transportation Type')
INSERT [dbo].[AttributeGroup] ([id], [attributeGroupName]) VALUES (30, N'Access Advisor')
INSERT [dbo].[AttributeGroup] ([id], [attributeGroupName]) VALUES (31, N'Trail Type')
INSERT [dbo].[AttributeGroup] ([id], [attributeGroupName]) VALUES (32, N'Trail Pets Policy')
INSERT [dbo].[AttributeGroup] ([id], [attributeGroupName]) VALUES (33, N'Trail Surface')
INSERT [dbo].[AttributeGroup] ([id], [attributeGroupName]) VALUES (34, N'Cell Service')
/****** Object:  Table [dbo].[Attribute]    Script Date: 08/16/2013 11:25:07 ******/
INSERT [dbo].[Attribute] ([id], [attributeName], [attributeGroupId]) VALUES (1, N'Air Conditioning', 1)
INSERT [dbo].[Attribute] ([id], [attributeName], [attributeGroupId]) VALUES (2, N'Cable/Sat Tv', 1)
INSERT [dbo].[Attribute] ([id], [attributeName], [attributeGroupId]) VALUES (3, N'Coffee Maker', 1)
INSERT [dbo].[Attribute] ([id], [attributeName], [attributeGroupId]) VALUES (5, N'Data Port', 1)
INSERT [dbo].[Attribute] ([id], [attributeName], [attributeGroupId]) VALUES (6, N'Hairdryer', 1)
INSERT [dbo].[Attribute] ([id], [attributeName], [attributeGroupId]) VALUES (7, N'Microwave', 1)
INSERT [dbo].[Attribute] ([id], [attributeName], [attributeGroupId]) VALUES (8, N'Minibar', 1)
INSERT [dbo].[Attribute] ([id], [attributeName], [attributeGroupId]) VALUES (9, N'Movies', 1)
INSERT [dbo].[Attribute] ([id], [attributeName], [attributeGroupId]) VALUES (11, N'Television', 1)
INSERT [dbo].[Attribute] ([id], [attributeName], [attributeGroupId]) VALUES (12, N'Wifi', 1)
INSERT [dbo].[Attribute] ([id], [attributeName], [attributeGroupId]) VALUES (13, N'DVD', 1)
INSERT [dbo].[Attribute] ([id], [attributeName], [attributeGroupId]) VALUES (14, N'Cd Player', 1)
INSERT [dbo].[Attribute] ([id], [attributeName], [attributeGroupId]) VALUES (15, N'Video Games', 1)
INSERT [dbo].[Attribute] ([id], [attributeName], [attributeGroupId]) VALUES (16, N'Kitchen', 1)
INSERT [dbo].[Attribute] ([id], [attributeName], [attributeGroupId]) VALUES (17, N'Satellite TV', 1)
INSERT [dbo].[Attribute] ([id], [attributeName], [attributeGroupId]) VALUES (18, N'Dvd Player', 1)
INSERT [dbo].[Attribute] ([id], [attributeName], [attributeGroupId]) VALUES (19, N'Fireplace', 1)
INSERT [dbo].[Attribute] ([id], [attributeName], [attributeGroupId]) VALUES (20, N'Telephone', 1)
INSERT [dbo].[Attribute] ([id], [attributeName], [attributeGroupId]) VALUES (21, N'Kitchenette', 1)
INSERT [dbo].[Attribute] ([id], [attributeName], [attributeGroupId]) VALUES (22, N'Bathroom (Ensuite)', 1)
INSERT [dbo].[Attribute] ([id], [attributeName], [attributeGroupId]) VALUES (23, N'Bathroom (Private)', 1)
INSERT [dbo].[Attribute] ([id], [attributeName], [attributeGroupId]) VALUES (24, N'Bathroom (Shared)', 1)
INSERT [dbo].[Attribute] ([id], [attributeName], [attributeGroupId]) VALUES (25, N'Wired Internet Access', 1)
INSERT [dbo].[Attribute] ([id], [attributeName], [attributeGroupId]) VALUES (51, N'Breakfast Included', 2)
INSERT [dbo].[Attribute] ([id], [attributeName], [attributeGroupId]) VALUES (52, N'Concierge', 2)
INSERT [dbo].[Attribute] ([id], [attributeName], [attributeGroupId]) VALUES (53, N'Fitness Centre', 2)
INSERT [dbo].[Attribute] ([id], [attributeName], [attributeGroupId]) VALUES (55, N'Room Service', 2)
INSERT [dbo].[Attribute] ([id], [attributeName], [attributeGroupId]) VALUES (56, N'Spa', 2)
INSERT [dbo].[Attribute] ([id], [attributeName], [attributeGroupId]) VALUES (57, N'Outfitters', 2)
INSERT [dbo].[Attribute] ([id], [attributeName], [attributeGroupId]) VALUES (101, N'Apartment', 3)
INSERT [dbo].[Attribute] ([id], [attributeName], [attributeGroupId]) VALUES (102, N'B&B', 3)
INSERT [dbo].[Attribute] ([id], [attributeName], [attributeGroupId]) VALUES (103, N'B&B Inn', 3)
INSERT [dbo].[Attribute] ([id], [attributeName], [attributeGroupId]) VALUES (104, N'Cabin', 3)
INSERT [dbo].[Attribute] ([id], [attributeName], [attributeGroupId]) VALUES (105, N'Condo', 3)
INSERT [dbo].[Attribute] ([id], [attributeName], [attributeGroupId]) VALUES (106, N'Cottage', 3)
INSERT [dbo].[Attribute] ([id], [attributeName], [attributeGroupId]) VALUES (107, N'GuestRoom', 3)
INSERT [dbo].[Attribute] ([id], [attributeName], [attributeGroupId]) VALUES (108, N'Hostel', 3)
INSERT [dbo].[Attribute] ([id], [attributeName], [attributeGroupId]) VALUES (109, N'Hotel', 3)
INSERT [dbo].[Attribute] ([id], [attributeName], [attributeGroupId]) VALUES (110, N'Inn', 3)
INSERT [dbo].[Attribute] ([id], [attributeName], [attributeGroupId]) VALUES (111, N'Lodge', 3)
INSERT [dbo].[Attribute] ([id], [attributeName], [attributeGroupId]) VALUES (112, N'MiniHome', 3)
INSERT [dbo].[Attribute] ([id], [attributeName], [attributeGroupId]) VALUES (113, N'Motel', 3)
INSERT [dbo].[Attribute] ([id], [attributeName], [attributeGroupId]) VALUES (114, N'Resort', 3)
INSERT [dbo].[Attribute] ([id], [attributeName], [attributeGroupId]) VALUES (115, N'TouristHome', 3)
INSERT [dbo].[Attribute] ([id], [attributeName], [attributeGroupId]) VALUES (116, N'University', 3)
INSERT [dbo].[Attribute] ([id], [attributeName], [attributeGroupId]) VALUES (117, N'VacationHome', 3)
INSERT [dbo].[Attribute] ([id], [attributeName], [attributeGroupId]) VALUES (151, N'Atv', 4)
INSERT [dbo].[Attribute] ([id], [attributeName], [attributeGroupId]) VALUES (152, N'Birding', 4)
INSERT [dbo].[Attribute] ([id], [attributeName], [attributeGroupId]) VALUES (153, N'Camping', 4)
INSERT [dbo].[Attribute] ([id], [attributeName], [attributeGroupId]) VALUES (154, N'Canoeing', 4)
INSERT [dbo].[Attribute] ([id], [attributeName], [attributeGroupId]) VALUES (155, N'CrossCountrySkiing', 4)
INSERT [dbo].[Attribute] ([id], [attributeName], [attributeGroupId]) VALUES (157, N'Cycling', 4)
INSERT [dbo].[Attribute] ([id], [attributeName], [attributeGroupId]) VALUES (158, N'Diving', 4)
INSERT [dbo].[Attribute] ([id], [attributeName], [attributeGroupId]) VALUES (159, N'DogSledding', 4)
INSERT [dbo].[Attribute] ([id], [attributeName], [attributeGroupId]) VALUES (160, N'DownhillSkiing', 4)
INSERT [dbo].[Attribute] ([id], [attributeName], [attributeGroupId]) VALUES (161, N'Fishing', 4)
INSERT [dbo].[Attribute] ([id], [attributeName], [attributeGroupId]) VALUES (162, N'Flying', 4)
INSERT [dbo].[Attribute] ([id], [attributeName], [attributeGroupId]) VALUES (163, N'Golf', 4)
INSERT [dbo].[Attribute] ([id], [attributeName], [attributeGroupId]) VALUES (164, N'Hiking', 4)
INSERT [dbo].[Attribute] ([id], [attributeName], [attributeGroupId]) VALUES (165, N'Kayaking', 4)
INSERT [dbo].[Attribute] ([id], [attributeName], [attributeGroupId]) VALUES (166, N'MiniGolf', 4)
INSERT [dbo].[Attribute] ([id], [attributeName], [attributeGroupId]) VALUES (167, N'RidingHayRide', 4)
INSERT [dbo].[Attribute] ([id], [attributeName], [attributeGroupId]) VALUES (168, N'RiverRafting', 4)
INSERT [dbo].[Attribute] ([id], [attributeName], [attributeGroupId]) VALUES (169, N'Sailing', 4)
INSERT [dbo].[Attribute] ([id], [attributeName], [attributeGroupId]) VALUES (170, N'Shopping', 4)
INSERT [dbo].[Attribute] ([id], [attributeName], [attributeGroupId]) VALUES (171, N'SightseeingPhotography', 4)
INSERT [dbo].[Attribute] ([id], [attributeName], [attributeGroupId]) VALUES (172, N'Skydiving', 4)
INSERT [dbo].[Attribute] ([id], [attributeName], [attributeGroupId]) VALUES (173, N'SleighRiding', 4)
INSERT [dbo].[Attribute] ([id], [attributeName], [attributeGroupId]) VALUES (174, N'Snowshoeing', 4)
INSERT [dbo].[Attribute] ([id], [attributeName], [attributeGroupId]) VALUES (175, N'Surfing', 4)
INSERT [dbo].[Attribute] ([id], [attributeName], [attributeGroupId]) VALUES (176, N'WhaleWatching', 4)
INSERT [dbo].[Attribute] ([id], [attributeName], [attributeGroupId]) VALUES (177, N'Ziplining', 4)
INSERT [dbo].[Attribute] ([id], [attributeName], [attributeGroupId]) VALUES (178, N'Snowmobiling', 4)
INSERT [dbo].[Attribute] ([id], [attributeName], [attributeGroupId]) VALUES (179, N'Geocaching', 4)
INSERT [dbo].[Attribute] ([id], [attributeName], [attributeGroupId]) VALUES (180, N'Paragliding', 4)
INSERT [dbo].[Attribute] ([id], [attributeName], [attributeGroupId]) VALUES (181, N'SightseeingTour', 4)
INSERT [dbo].[Attribute] ([id], [attributeName], [attributeGroupId]) VALUES (201, N'Canada Select', 5)
INSERT [dbo].[Attribute] ([id], [attributeName], [attributeGroupId]) VALUES (202, N'CAA', 5)
INSERT [dbo].[Attribute] ([id], [attributeName], [attributeGroupId]) VALUES (203, N'NS Approved', 5)
INSERT [dbo].[Attribute] ([id], [attributeName], [attributeGroupId]) VALUES (251, N'Agriculture', 6)
INSERT [dbo].[Attribute] ([id], [attributeName], [attributeGroupId]) VALUES (252, N'Aviation', 6)
INSERT [dbo].[Attribute] ([id], [attributeName], [attributeGroupId]) VALUES (253, N'BayOfFundy', 6)
INSERT [dbo].[Attribute] ([id], [attributeName], [attributeGroupId]) VALUES (254, N'CommunityHeritage', 6)
INSERT [dbo].[Attribute] ([id], [attributeName], [attributeGroupId]) VALUES (255, N'Firefighting', 6)
INSERT [dbo].[Attribute] ([id], [attributeName], [attributeGroupId]) VALUES (256, N'Fossils', 6)
INSERT [dbo].[Attribute] ([id], [attributeName], [attributeGroupId]) VALUES (257, N'HarvestCelebration', 6)
INSERT [dbo].[Attribute] ([id], [attributeName], [attributeGroupId]) VALUES (258, N'Immigration', 6)
INSERT [dbo].[Attribute] ([id], [attributeName], [attributeGroupId]) VALUES (259, N'Industrial', 6)
INSERT [dbo].[Attribute] ([id], [attributeName], [attributeGroupId]) VALUES (261, N'Marine', 6)
INSERT [dbo].[Attribute] ([id], [attributeName], [attributeGroupId]) VALUES (262, N'Mining', 6)
INSERT [dbo].[Attribute] ([id], [attributeName], [attributeGroupId]) VALUES (263, N'Music', 6)
INSERT [dbo].[Attribute] ([id], [attributeName], [attributeGroupId]) VALUES (264, N'NatureWildlife', 6)
INSERT [dbo].[Attribute] ([id], [attributeName], [attributeGroupId]) VALUES (265, N'Sports', 6)
INSERT [dbo].[Attribute] ([id], [attributeName], [attributeGroupId]) VALUES (266, N'Trains', 6)
INSERT [dbo].[Attribute] ([id], [attributeName], [attributeGroupId]) VALUES (267, N'Military', 6)
INSERT [dbo].[Attribute] ([id], [attributeName], [attributeGroupId]) VALUES (269, N'Geneology', 6)
INSERT [dbo].[Attribute] ([id], [attributeName], [attributeGroupId]) VALUES (270, N'Shopping', 6)
INSERT [dbo].[Attribute] ([id], [attributeName], [attributeGroupId]) VALUES (271, N'Art & artisan', 6)
INSERT [dbo].[Attribute] ([id], [attributeName], [attributeGroupId]) VALUES (301, N'Accessories', 7)
INSERT [dbo].[Attribute] ([id], [attributeName], [attributeGroupId]) VALUES (302, N'Bath & body products', 7)
INSERT [dbo].[Attribute] ([id], [attributeName], [attributeGroupId]) VALUES (303, N'Clothing', 7)
GO
print 'Processed 100 total records'
INSERT [dbo].[Attribute] ([id], [attributeName], [attributeGroupId]) VALUES (304, N'Furniture', 7)
INSERT [dbo].[Attribute] ([id], [attributeName], [attributeGroupId]) VALUES (305, N'Garden accessories', 7)
INSERT [dbo].[Attribute] ([id], [attributeName], [attributeGroupId]) VALUES (306, N'Home Decor', 7)
INSERT [dbo].[Attribute] ([id], [attributeName], [attributeGroupId]) VALUES (307, N'Jewelry', 7)
INSERT [dbo].[Attribute] ([id], [attributeName], [attributeGroupId]) VALUES (308, N'Sculpture', 7)
INSERT [dbo].[Attribute] ([id], [attributeName], [attributeGroupId]) VALUES (309, N'Visual Art', 7)
INSERT [dbo].[Attribute] ([id], [attributeName], [attributeGroupId]) VALUES (310, N'Fine Art', 7)
INSERT [dbo].[Attribute] ([id], [attributeName], [attributeGroupId]) VALUES (311, N'Food', 7)
INSERT [dbo].[Attribute] ([id], [attributeName], [attributeGroupId]) VALUES (312, N'Crafts', 7)
INSERT [dbo].[Attribute] ([id], [attributeName], [attributeGroupId]) VALUES (313, N'Folk art', 7)
INSERT [dbo].[Attribute] ([id], [attributeName], [attributeGroupId]) VALUES (351, N'Flush Toilets', 8)
INSERT [dbo].[Attribute] ([id], [attributeName], [attributeGroupId]) VALUES (352, N'Playground', 8)
INSERT [dbo].[Attribute] ([id], [attributeName], [attributeGroupId]) VALUES (353, N'Pull-throughs', 8)
INSERT [dbo].[Attribute] ([id], [attributeName], [attributeGroupId]) VALUES (354, N'Showers (Free)', 8)
INSERT [dbo].[Attribute] ([id], [attributeName], [attributeGroupId]) VALUES (355, N'Rec Hall', 8)
INSERT [dbo].[Attribute] ([id], [attributeName], [attributeGroupId]) VALUES (356, N'Disposal Station', 8)
INSERT [dbo].[Attribute] ([id], [attributeName], [attributeGroupId]) VALUES (357, N'Electrical hook-up', 8)
INSERT [dbo].[Attribute] ([id], [attributeName], [attributeGroupId]) VALUES (358, N'Pit toilet', 8)
INSERT [dbo].[Attribute] ([id], [attributeName], [attributeGroupId]) VALUES (359, N'Sewage hook-up', 8)
INSERT [dbo].[Attribute] ([id], [attributeName], [attributeGroupId]) VALUES (360, N'Unserviced', 8)
INSERT [dbo].[Attribute] ([id], [attributeName], [attributeGroupId]) VALUES (361, N'Water hook-up', 8)
INSERT [dbo].[Attribute] ([id], [attributeName], [attributeGroupId]) VALUES (362, N'Kitchenette facilities', 8)
INSERT [dbo].[Attribute] ([id], [attributeName], [attributeGroupId]) VALUES (363, N'Camp Cabins/Trailers', 8)
INSERT [dbo].[Attribute] ([id], [attributeName], [attributeGroupId]) VALUES (364, N'Cooking Shelter', 8)
INSERT [dbo].[Attribute] ([id], [attributeName], [attributeGroupId]) VALUES (365, N'Laundromat', 8)
INSERT [dbo].[Attribute] ([id], [attributeName], [attributeGroupId]) VALUES (366, N'Open Sites', 8)
INSERT [dbo].[Attribute] ([id], [attributeName], [attributeGroupId]) VALUES (367, N'Propane', 8)
INSERT [dbo].[Attribute] ([id], [attributeName], [attributeGroupId]) VALUES (368, N'Shaded Sites', 8)
INSERT [dbo].[Attribute] ([id], [attributeName], [attributeGroupId]) VALUES (369, N'Showers (Pay)', 8)
INSERT [dbo].[Attribute] ([id], [attributeName], [attributeGroupId]) VALUES (370, N'Store', 8)
INSERT [dbo].[Attribute] ([id], [attributeName], [attributeGroupId]) VALUES (371, N'Swimming (Lake)', 8)
INSERT [dbo].[Attribute] ([id], [attributeName], [attributeGroupId]) VALUES (372, N'Swimming (Ocean)', 8)
INSERT [dbo].[Attribute] ([id], [attributeName], [attributeGroupId]) VALUES (373, N'Swimming (River)', 8)
INSERT [dbo].[Attribute] ([id], [attributeName], [attributeGroupId]) VALUES (401, N'BeachesSeacoast', 9)
INSERT [dbo].[Attribute] ([id], [attributeName], [attributeGroupId]) VALUES (402, N'CitiesTowns', 9)
INSERT [dbo].[Attribute] ([id], [attributeName], [attributeGroupId]) VALUES (403, N'FoodWine', 9)
INSERT [dbo].[Attribute] ([id], [attributeName], [attributeGroupId]) VALUES (404, N'History', 9)
INSERT [dbo].[Attribute] ([id], [attributeName], [attributeGroupId]) VALUES (405, N'OurCulture', 9)
INSERT [dbo].[Attribute] ([id], [attributeName], [attributeGroupId]) VALUES (406, N'OutdoorAdventure', 9)
INSERT [dbo].[Attribute] ([id], [attributeName], [attributeGroupId]) VALUES (451, N'Acadian', 10)
INSERT [dbo].[Attribute] ([id], [attributeName], [attributeGroupId]) VALUES (452, N'AfricanNovaScotian', 10)
INSERT [dbo].[Attribute] ([id], [attributeName], [attributeGroupId]) VALUES (453, N'GaelicScottish', 10)
INSERT [dbo].[Attribute] ([id], [attributeName], [attributeGroupId]) VALUES (454, N'History', 10)
INSERT [dbo].[Attribute] ([id], [attributeName], [attributeGroupId]) VALUES (455, N'Mikmaq', 10)
INSERT [dbo].[Attribute] ([id], [attributeName], [attributeGroupId]) VALUES (501, N'Beach', 11)
INSERT [dbo].[Attribute] ([id], [attributeName], [attributeGroupId]) VALUES (502, N'BusTours', 11)
INSERT [dbo].[Attribute] ([id], [attributeName], [attributeGroupId]) VALUES (503, N'EnvironmentallyFriendly', 11)
INSERT [dbo].[Attribute] ([id], [attributeName], [attributeGroupId]) VALUES (504, N'Gardens', 11)
INSERT [dbo].[Attribute] ([id], [attributeName], [attributeGroupId]) VALUES (505, N'GiftShop', 11)
INSERT [dbo].[Attribute] ([id], [attributeName], [attributeGroupId]) VALUES (506, N'MeetingFacilities', 11)
INSERT [dbo].[Attribute] ([id], [attributeName], [attributeGroupId]) VALUES (507, N'OceanView', 11)
INSERT [dbo].[Attribute] ([id], [attributeName], [attributeGroupId]) VALUES (508, N'Parking', 11)
INSERT [dbo].[Attribute] ([id], [attributeName], [attributeGroupId]) VALUES (509, N'PicnicTables', 11)
INSERT [dbo].[Attribute] ([id], [attributeName], [attributeGroupId]) VALUES (510, N'Pool (Outdoor)', 11)
INSERT [dbo].[Attribute] ([id], [attributeName], [attributeGroupId]) VALUES (511, N'PublicWashroom', 11)
INSERT [dbo].[Attribute] ([id], [attributeName], [attributeGroupId]) VALUES (512, N'Restaurant', 11)
INSERT [dbo].[Attribute] ([id], [attributeName], [attributeGroupId]) VALUES (513, N'TeaRoom', 11)
INSERT [dbo].[Attribute] ([id], [attributeName], [attributeGroupId]) VALUES (514, N'Takeout', 11)
INSERT [dbo].[Attribute] ([id], [attributeName], [attributeGroupId]) VALUES (515, N'WheelChairAccessible', 11)
INSERT [dbo].[Attribute] ([id], [attributeName], [attributeGroupId]) VALUES (516, N'LimitedAccessibility', 11)
INSERT [dbo].[Attribute] ([id], [attributeName], [attributeGroupId]) VALUES (517, N'Bienvenue', 11)
INSERT [dbo].[Attribute] ([id], [attributeName], [attributeGroupId]) VALUES (518, N'GenealogicalServices', 11)
INSERT [dbo].[Attribute] ([id], [attributeName], [attributeGroupId]) VALUES (519, N'InternetAccess', 11)
INSERT [dbo].[Attribute] ([id], [attributeName], [attributeGroupId]) VALUES (520, N'LiveMusic', 11)
INSERT [dbo].[Attribute] ([id], [attributeName], [attributeGroupId]) VALUES (521, N'SmokingPermitted', 11)
INSERT [dbo].[Attribute] ([id], [attributeName], [attributeGroupId]) VALUES (522, N'TravelAgentCommission', 11)
INSERT [dbo].[Attribute] ([id], [attributeName], [attributeGroupId]) VALUES (523, N'EquipmentRental', 11)
INSERT [dbo].[Attribute] ([id], [attributeName], [attributeGroupId]) VALUES (524, N'ChildrensActivities', 11)
INSERT [dbo].[Attribute] ([id], [attributeName], [attributeGroupId]) VALUES (525, N'Pool (Indoor)', 11)
INSERT [dbo].[Attribute] ([id], [attributeName], [attributeGroupId]) VALUES (551, N'National', 12)
INSERT [dbo].[Attribute] ([id], [attributeName], [attributeGroupId]) VALUES (552, N'Provincial', 12)
INSERT [dbo].[Attribute] ([id], [attributeName], [attributeGroupId]) VALUES (553, N'Municipal', 12)
INSERT [dbo].[Attribute] ([id], [attributeName], [attributeGroupId]) VALUES (651, N'Books & Cards', 14)
INSERT [dbo].[Attribute] ([id], [attributeName], [attributeGroupId]) VALUES (652, N'Clay', 14)
INSERT [dbo].[Attribute] ([id], [attributeName], [attributeGroupId]) VALUES (654, N'Fibre', 14)
INSERT [dbo].[Attribute] ([id], [attributeName], [attributeGroupId]) VALUES (656, N'Glass', 14)
INSERT [dbo].[Attribute] ([id], [attributeName], [attributeGroupId]) VALUES (657, N'Leather', 14)
INSERT [dbo].[Attribute] ([id], [attributeName], [attributeGroupId]) VALUES (658, N'Metal', 14)
INSERT [dbo].[Attribute] ([id], [attributeName], [attributeGroupId]) VALUES (659, N'Painting & Prints', 14)
INSERT [dbo].[Attribute] ([id], [attributeName], [attributeGroupId]) VALUES (660, N'Paper', 14)
INSERT [dbo].[Attribute] ([id], [attributeName], [attributeGroupId]) VALUES (661, N'StoneBone', 14)
INSERT [dbo].[Attribute] ([id], [attributeName], [attributeGroupId]) VALUES (662, N'Photography', 14)
INSERT [dbo].[Attribute] ([id], [attributeName], [attributeGroupId]) VALUES (663, N'Wood', 14)
INSERT [dbo].[Attribute] ([id], [attributeName], [attributeGroupId]) VALUES (664, N'Multiple Media', 14)
INSERT [dbo].[Attribute] ([id], [attributeName], [attributeGroupId]) VALUES (665, N'Candles', 14)
INSERT [dbo].[Attribute] ([id], [attributeName], [attributeGroupId]) VALUES (701, N'IGNS', 15)
INSERT [dbo].[Attribute] ([id], [attributeName], [attributeGroupId]) VALUES (702, N'NSBBA', 15)
INSERT [dbo].[Attribute] ([id], [attributeName], [attributeGroupId]) VALUES (703, N'TIANS', 15)
INSERT [dbo].[Attribute] ([id], [attributeName], [attributeGroupId]) VALUES (704, N'COANS', 15)
INSERT [dbo].[Attribute] ([id], [attributeName], [attributeGroupId]) VALUES (705, N'HANS', 15)
INSERT [dbo].[Attribute] ([id], [attributeName], [attributeGroupId]) VALUES (706, N'CheckIn', 15)
INSERT [dbo].[Attribute] ([id], [attributeName], [attributeGroupId]) VALUES (707, N'NSATA', 15)
INSERT [dbo].[Attribute] ([id], [attributeName], [attributeGroupId]) VALUES (708, N'GolfNs', 15)
INSERT [dbo].[Attribute] ([id], [attributeName], [attributeGroupId]) VALUES (709, N'RANS', 15)
INSERT [dbo].[Attribute] ([id], [attributeName], [attributeGroupId]) VALUES (710, N'TasteOfNs', 15)
INSERT [dbo].[Attribute] ([id], [attributeName], [attributeGroupId]) VALUES (711, N'Destination Hfx', 15)
INSERT [dbo].[Attribute] ([id], [attributeName], [attributeGroupId]) VALUES (712, N'Bienvenue', 15)
INSERT [dbo].[Attribute] ([id], [attributeName], [attributeGroupId]) VALUES (751, N'Pets Live on Premises', 16)
INSERT [dbo].[Attribute] ([id], [attributeName], [attributeGroupId]) VALUES (752, N'Pets Not Welcome', 16)
INSERT [dbo].[Attribute] ([id], [attributeName], [attributeGroupId]) VALUES (753, N'Pets Welcome', 16)
INSERT [dbo].[Attribute] ([id], [attributeName], [attributeGroupId]) VALUES (801, N'Print GPS', 17)
GO
print 'Processed 200 total records'
INSERT [dbo].[Attribute] ([id], [attributeName], [attributeGroupId]) VALUES (802, N'Add English Ad Ref', 17)
INSERT [dbo].[Attribute] ([id], [attributeName], [attributeGroupId]) VALUES (803, N'Add French Ad Ref', 17)
INSERT [dbo].[Attribute] ([id], [attributeName], [attributeGroupId]) VALUES (804, N'Has English Guide Ad', 17)
INSERT [dbo].[Attribute] ([id], [attributeName], [attributeGroupId]) VALUES (805, N'Has French Guide Ad', 17)
INSERT [dbo].[Attribute] ([id], [attributeName], [attributeGroupId]) VALUES (806, N'Brochure is Available', 17)
INSERT [dbo].[Attribute] ([id], [attributeName], [attributeGroupId]) VALUES (851, N'Archive', 18)
INSERT [dbo].[Attribute] ([id], [attributeName], [attributeGroupId]) VALUES (852, N'BeachSupervised', 18)
INSERT [dbo].[Attribute] ([id], [attributeName], [attributeGroupId]) VALUES (853, N'BreweryDistillery', 18)
INSERT [dbo].[Attribute] ([id], [attributeName], [attributeGroupId]) VALUES (854, N'CasinoGaming', 18)
INSERT [dbo].[Attribute] ([id], [attributeName], [attributeGroupId]) VALUES (855, N'Economuseum', 18)
INSERT [dbo].[Attribute] ([id], [attributeName], [attributeGroupId]) VALUES (856, N'FunPark', 18)
INSERT [dbo].[Attribute] ([id], [attributeName], [attributeGroupId]) VALUES (857, N'Garden', 18)
INSERT [dbo].[Attribute] ([id], [attributeName], [attributeGroupId]) VALUES (858, N'GolfCourse', 18)
INSERT [dbo].[Attribute] ([id], [attributeName], [attributeGroupId]) VALUES (859, N'HistoryHeritageSite', 18)
INSERT [dbo].[Attribute] ([id], [attributeName], [attributeGroupId]) VALUES (860, N'InterpretiveCentre', 18)
INSERT [dbo].[Attribute] ([id], [attributeName], [attributeGroupId]) VALUES (861, N'Lighthouse', 18)
INSERT [dbo].[Attribute] ([id], [attributeName], [attributeGroupId]) VALUES (862, N'MemorialMonument', 18)
INSERT [dbo].[Attribute] ([id], [attributeName], [attributeGroupId]) VALUES (863, N'Museum', 18)
INSERT [dbo].[Attribute] ([id], [attributeName], [attributeGroupId]) VALUES (864, N'NonProfitArtGallery', 18)
INSERT [dbo].[Attribute] ([id], [attributeName], [attributeGroupId]) VALUES (865, N'Park', 18)
INSERT [dbo].[Attribute] ([id], [attributeName], [attributeGroupId]) VALUES (866, N'StockedPond', 18)
INSERT [dbo].[Attribute] ([id], [attributeName], [attributeGroupId]) VALUES (867, N'ScienceCentre', 18)
INSERT [dbo].[Attribute] ([id], [attributeName], [attributeGroupId]) VALUES (868, N'SpecialtyFoodShop', 18)
INSERT [dbo].[Attribute] ([id], [attributeName], [attributeGroupId]) VALUES (869, N'TheatreVenue', 18)
INSERT [dbo].[Attribute] ([id], [attributeName], [attributeGroupId]) VALUES (870, N'Trail', 18)
INSERT [dbo].[Attribute] ([id], [attributeName], [attributeGroupId]) VALUES (871, N'Unesco', 18)
INSERT [dbo].[Attribute] ([id], [attributeName], [attributeGroupId]) VALUES (872, N'Waterfall', 18)
INSERT [dbo].[Attribute] ([id], [attributeName], [attributeGroupId]) VALUES (873, N'Winery', 18)
INSERT [dbo].[Attribute] ([id], [attributeName], [attributeGroupId]) VALUES (874, N'ZooWildlifeFarm', 18)
INSERT [dbo].[Attribute] ([id], [attributeName], [attributeGroupId]) VALUES (875, N'BeachUnsupervised', 18)
INSERT [dbo].[Attribute] ([id], [attributeName], [attributeGroupId]) VALUES (876, N'DiveShop', 18)
INSERT [dbo].[Attribute] ([id], [attributeName], [attributeGroupId]) VALUES (877, N'Collection', 18)
INSERT [dbo].[Attribute] ([id], [attributeName], [attributeGroupId]) VALUES (878, N'DrivingRange', 18)
INSERT [dbo].[Attribute] ([id], [attributeName], [attributeGroupId]) VALUES (880, N'Sailing Charter', 18)
INSERT [dbo].[Attribute] ([id], [attributeName], [attributeGroupId]) VALUES (881, N'EquipmentRental', 18)
INSERT [dbo].[Attribute] ([id], [attributeName], [attributeGroupId]) VALUES (882, N'NoveltyGolfCourse', 18)
INSERT [dbo].[Attribute] ([id], [attributeName], [attributeGroupId]) VALUES (883, N'MarinaYachtClub', 18)
INSERT [dbo].[Attribute] ([id], [attributeName], [attributeGroupId]) VALUES (884, N'SailingInstructor', 18)
INSERT [dbo].[Attribute] ([id], [attributeName], [attributeGroupId]) VALUES (901, N'BusToursWelcome', 19)
INSERT [dbo].[Attribute] ([id], [attributeName], [attributeGroupId]) VALUES (902, N'ChildrensMenu', 19)
INSERT [dbo].[Attribute] ([id], [attributeName], [attributeGroupId]) VALUES (903, N'Delivery', 19)
INSERT [dbo].[Attribute] ([id], [attributeName], [attributeGroupId]) VALUES (904, N'DiningRoom', 19)
INSERT [dbo].[Attribute] ([id], [attributeName], [attributeGroupId]) VALUES (905, N'Licensed', 19)
INSERT [dbo].[Attribute] ([id], [attributeName], [attributeGroupId]) VALUES (906, N'LiveEntertainment', 19)
INSERT [dbo].[Attribute] ([id], [attributeName], [attributeGroupId]) VALUES (907, N'Patio', 19)
INSERT [dbo].[Attribute] ([id], [attributeName], [attributeGroupId]) VALUES (908, N'ReservationsAccepted', 19)
INSERT [dbo].[Attribute] ([id], [attributeName], [attributeGroupId]) VALUES (909, N'SmokingArea', 19)
INSERT [dbo].[Attribute] ([id], [attributeName], [attributeGroupId]) VALUES (910, N'Takeout', 19)
INSERT [dbo].[Attribute] ([id], [attributeName], [attributeGroupId]) VALUES (951, N'Canada Select', 20)
INSERT [dbo].[Attribute] ([id], [attributeName], [attributeGroupId]) VALUES (952, N'CAA', 20)
INSERT [dbo].[Attribute] ([id], [attributeName], [attributeGroupId]) VALUES (953, N'NS Approved', 20)
INSERT [dbo].[Attribute] ([id], [attributeName], [attributeGroupId]) VALUES (1051, N'RenewalFormOut', 22)
INSERT [dbo].[Attribute] ([id], [attributeName], [attributeGroupId]) VALUES (1052, N'UpdatesEntered', 22)
INSERT [dbo].[Attribute] ([id], [attributeName], [attributeGroupId]) VALUES (1053, N'QueriesToCheck', 22)
INSERT [dbo].[Attribute] ([id], [attributeName], [attributeGroupId]) VALUES (1054, N'CheckingWithQa', 22)
INSERT [dbo].[Attribute] ([id], [attributeName], [attributeGroupId]) VALUES (1055, N'EntryCompleted', 22)
INSERT [dbo].[Attribute] ([id], [attributeName], [attributeGroupId]) VALUES (1056, N'FaxProof', 22)
INSERT [dbo].[Attribute] ([id], [attributeName], [attributeGroupId]) VALUES (1057, N'EmailProof', 22)
INSERT [dbo].[Attribute] ([id], [attributeName], [attributeGroupId]) VALUES (1058, N'ProofSent', 22)
INSERT [dbo].[Attribute] ([id], [attributeName], [attributeGroupId]) VALUES (1059, N'ProofSigned', 22)
INSERT [dbo].[Attribute] ([id], [attributeName], [attributeGroupId]) VALUES (1060, N'ProofedForTranslation', 22)
INSERT [dbo].[Attribute] ([id], [attributeName], [attributeGroupId]) VALUES (1061, N'Miscellaneous', 22)
INSERT [dbo].[Attribute] ([id], [attributeName], [attributeGroupId]) VALUES (1062, N'ReadyForPrint', 22)
INSERT [dbo].[Attribute] ([id], [attributeName], [attributeGroupId]) VALUES (1063, N'DoNotPrint', 22)
INSERT [dbo].[Attribute] ([id], [attributeName], [attributeGroupId]) VALUES (1101, N'Local', 23)
INSERT [dbo].[Attribute] ([id], [attributeName], [attributeGroupId]) VALUES (1102, N'LobsterSeafood', 23)
INSERT [dbo].[Attribute] ([id], [attributeName], [attributeGroupId]) VALUES (1103, N'Organic', 23)
INSERT [dbo].[Attribute] ([id], [attributeName], [attributeGroupId]) VALUES (1151, N'Boat tours & charters', 24)
INSERT [dbo].[Attribute] ([id], [attributeName], [attributeGroupId]) VALUES (1152, N'Excursions & day tours', 24)
INSERT [dbo].[Attribute] ([id], [attributeName], [attributeGroupId]) VALUES (1153, N'Full service', 24)
INSERT [dbo].[Attribute] ([id], [attributeName], [attributeGroupId]) VALUES (1154, N'Multi-Activity adventure', 24)
INSERT [dbo].[Attribute] ([id], [attributeName], [attributeGroupId]) VALUES (1155, N'Nature & wildlife', 24)
INSERT [dbo].[Attribute] ([id], [attributeName], [attributeGroupId]) VALUES (1156, N'Outdoor activity', 24)
INSERT [dbo].[Attribute] ([id], [attributeName], [attributeGroupId]) VALUES (1157, N'Step-On', 24)
INSERT [dbo].[Attribute] ([id], [attributeName], [attributeGroupId]) VALUES (1158, N'Town & country', 24)
INSERT [dbo].[Attribute] ([id], [attributeName], [attributeGroupId]) VALUES (1200, N'Coffee shop', 25)
INSERT [dbo].[Attribute] ([id], [attributeName], [attributeGroupId]) VALUES (1201, N'Continental', 25)
INSERT [dbo].[Attribute] ([id], [attributeName], [attributeGroupId]) VALUES (1202, N'Family dining', 25)
INSERT [dbo].[Attribute] ([id], [attributeName], [attributeGroupId]) VALUES (1203, N'Fast food', 25)
INSERT [dbo].[Attribute] ([id], [attributeName], [attributeGroupId]) VALUES (1204, N'Fine dining', 25)
INSERT [dbo].[Attribute] ([id], [attributeName], [attributeGroupId]) VALUES (1205, N'Gourmet', 25)
INSERT [dbo].[Attribute] ([id], [attributeName], [attributeGroupId]) VALUES (1206, N'Informal', 25)
INSERT [dbo].[Attribute] ([id], [attributeName], [attributeGroupId]) VALUES (1207, N'Lounge', 25)
INSERT [dbo].[Attribute] ([id], [attributeName], [attributeGroupId]) VALUES (1208, N'Pub', 25)
INSERT [dbo].[Attribute] ([id], [attributeName], [attributeGroupId]) VALUES (1251, N'Acadian', 26)
INSERT [dbo].[Attribute] ([id], [attributeName], [attributeGroupId]) VALUES (1252, N'Burgers', 26)
INSERT [dbo].[Attribute] ([id], [attributeName], [attributeGroupId]) VALUES (1253, N'Canadian', 26)
INSERT [dbo].[Attribute] ([id], [attributeName], [attributeGroupId]) VALUES (1254, N'Chinese', 26)
INSERT [dbo].[Attribute] ([id], [attributeName], [attributeGroupId]) VALUES (1255, N'European', 26)
INSERT [dbo].[Attribute] ([id], [attributeName], [attributeGroupId]) VALUES (1256, N'Fish and chips', 26)
INSERT [dbo].[Attribute] ([id], [attributeName], [attributeGroupId]) VALUES (1257, N'German', 26)
INSERT [dbo].[Attribute] ([id], [attributeName], [attributeGroupId]) VALUES (1258, N'Italian', 26)
INSERT [dbo].[Attribute] ([id], [attributeName], [attributeGroupId]) VALUES (1259, N'Pasta', 26)
INSERT [dbo].[Attribute] ([id], [attributeName], [attributeGroupId]) VALUES (1260, N'Pizza', 26)
INSERT [dbo].[Attribute] ([id], [attributeName], [attributeGroupId]) VALUES (1261, N'Sandwiches', 26)
INSERT [dbo].[Attribute] ([id], [attributeName], [attributeGroupId]) VALUES (1262, N'Seafood', 26)
INSERT [dbo].[Attribute] ([id], [attributeName], [attributeGroupId]) VALUES (1263, N'Steaks', 26)
INSERT [dbo].[Attribute] ([id], [attributeName], [attributeGroupId]) VALUES (1264, N'Vegetarian', 26)
INSERT [dbo].[Attribute] ([id], [attributeName], [attributeGroupId]) VALUES (1301, N'Artisan Studios', 27)
INSERT [dbo].[Attribute] ([id], [attributeName], [attributeGroupId]) VALUES (1302, N'Shops & Galleries', 27)
INSERT [dbo].[Attribute] ([id], [attributeName], [attributeGroupId]) VALUES (1351, N'Coordinates confirmed by operator', 28)
GO
print 'Processed 300 total records'
INSERT [dbo].[Attribute] ([id], [attributeName], [attributeGroupId]) VALUES (1352, N'Coordinates confirmed by staff', 28)
INSERT [dbo].[Attribute] ([id], [attributeName], [attributeGroupId]) VALUES (1353, N'Coordinates match', 28)
INSERT [dbo].[Attribute] ([id], [attributeName], [attributeGroupId]) VALUES (1401, N'Bus', 29)
INSERT [dbo].[Attribute] ([id], [attributeName], [attributeGroupId]) VALUES (1402, N'Car rental', 29)
INSERT [dbo].[Attribute] ([id], [attributeName], [attributeGroupId]) VALUES (1403, N'Ferry', 29)
INSERT [dbo].[Attribute] ([id], [attributeName], [attributeGroupId]) VALUES (1404, N'Major airport', 29)
INSERT [dbo].[Attribute] ([id], [attributeName], [attributeGroupId]) VALUES (1405, N'Provincial visitor centre', 29)
INSERT [dbo].[Attribute] ([id], [attributeName], [attributeGroupId]) VALUES (1406, N'Service airport', 29)
INSERT [dbo].[Attribute] ([id], [attributeName], [attributeGroupId]) VALUES (1407, N'Shuttle', 29)
INSERT [dbo].[Attribute] ([id], [attributeName], [attributeGroupId]) VALUES (1408, N'Train', 29)
INSERT [dbo].[Attribute] ([id], [attributeName], [attributeGroupId]) VALUES (1451, N'Full', 30)
INSERT [dbo].[Attribute] ([id], [attributeName], [attributeGroupId]) VALUES (1452, N'Partial', 30)
INSERT [dbo].[Attribute] ([id], [attributeName], [attributeGroupId]) VALUES (1453, N'Sight', 30)
INSERT [dbo].[Attribute] ([id], [attributeName], [attributeGroupId]) VALUES (1454, N'Hearing', 30)

INSERT [dbo].[Attribute] ([id], [attributeName], [attributeGroupId]) VALUES (1500, N'DayUse', 31)
INSERT [dbo].[Attribute] ([id], [attributeName], [attributeGroupId]) VALUES (1501, N'Linear', 31)
INSERT [dbo].[Attribute] ([id], [attributeName], [attributeGroupId]) VALUES (1502, N'Urban', 31)
INSERT [dbo].[Attribute] ([id], [attributeName], [attributeGroupId]) VALUES (1503, N'Wilderness', 31)

INSERT [dbo].[Attribute] ([id], [attributeName], [attributeGroupId]) VALUES (1551, N'OffLeash', 32)
INSERT [dbo].[Attribute] ([id], [attributeName], [attributeGroupId]) VALUES (1552, N'Leashed', 32)
INSERT [dbo].[Attribute] ([id], [attributeName], [attributeGroupId]) VALUES (1553, N'NotAllowed', 32)

INSERT [dbo].[Attribute] ([id], [attributeName], [attributeGroupId]) VALUES (1600, N'Hard', 33)
INSERT [dbo].[Attribute] ([id], [attributeName], [attributeGroupId]) VALUES (1601, N'Gravel', 33)
INSERT [dbo].[Attribute] ([id], [attributeName], [attributeGroupId]) VALUES (1602, N'Natural', 33)

INSERT [dbo].[Attribute] ([id], [attributeName], [attributeGroupId]) VALUES (1651, N'Full', 34)
INSERT [dbo].[Attribute] ([id], [attributeName], [attributeGroupId]) VALUES (1652, N'Partial', 34)
INSERT [dbo].[Attribute] ([id], [attributeName], [attributeGroupId]) VALUES (1653, N'NoService', 34)

/****** Object:  Table [dbo].[AttributeGroupProductType]    Script Date: 08/16/2013 11:25:07 ******/
--Accommodation Amenity
INSERT [dbo].[AttributeGroupProductType] ([attributeGroupId], [productTypeId]) VALUES (1, 1)

--Accommodation Service
INSERT [dbo].[AttributeGroupProductType] ([attributeGroupId], [productTypeId]) VALUES (2, 1)

--Accommodation Type
INSERT [dbo].[AttributeGroupProductType] ([attributeGroupId], [productTypeId]) VALUES (3, 1)

--Activity
INSERT [dbo].[AttributeGroupProductType] ([attributeGroupId], [productTypeId]) VALUES (4, 1)
INSERT [dbo].[AttributeGroupProductType] ([attributeGroupId], [productTypeId]) VALUES (4, 2)
INSERT [dbo].[AttributeGroupProductType] ([attributeGroupId], [productTypeId]) VALUES (4, 3)
INSERT [dbo].[AttributeGroupProductType] ([attributeGroupId], [productTypeId]) VALUES (4, 5)
INSERT [dbo].[AttributeGroupProductType] ([attributeGroupId], [productTypeId]) VALUES (4, 6)

--Approved by
INSERT [dbo].[AttributeGroupProductType] ([attributeGroupId], [productTypeId]) VALUES (5, 1)
INSERT [dbo].[AttributeGroupProductType] ([attributeGroupId], [productTypeId]) VALUES (5, 3)

--Area of Interest
INSERT [dbo].[AttributeGroupProductType] ([attributeGroupId], [productTypeId]) VALUES (6, 2)
INSERT [dbo].[AttributeGroupProductType] ([attributeGroupId], [productTypeId]) VALUES (6, 4)
INSERT [dbo].[AttributeGroupProductType] ([attributeGroupId], [productTypeId]) VALUES (6, 5)
INSERT [dbo].[AttributeGroupProductType] ([attributeGroupId], [productTypeId]) VALUES (6, 6)

--Art Product Type
INSERT [dbo].[AttributeGroupProductType] ([attributeGroupId], [productTypeId]) VALUES (7, 4)

-- Campground Amenity
INSERT [dbo].[AttributeGroupProductType] ([attributeGroupId], [productTypeId]) VALUES (8, 3)

-- Core Experience
INSERT [dbo].[AttributeGroupProductType] ([attributeGroupId], [productTypeId]) VALUES (9, 1)
INSERT [dbo].[AttributeGroupProductType] ([attributeGroupId], [productTypeId]) VALUES (9, 2)
INSERT [dbo].[AttributeGroupProductType] ([attributeGroupId], [productTypeId]) VALUES (9, 3)
INSERT [dbo].[AttributeGroupProductType] ([attributeGroupId], [productTypeId]) VALUES (9, 4)
INSERT [dbo].[AttributeGroupProductType] ([attributeGroupId], [productTypeId]) VALUES (9, 5)
INSERT [dbo].[AttributeGroupProductType] ([attributeGroupId], [productTypeId]) VALUES (9, 6)
INSERT [dbo].[AttributeGroupProductType] ([attributeGroupId], [productTypeId]) VALUES (9, 7)

-- Cultural Heritage
INSERT [dbo].[AttributeGroupProductType] ([attributeGroupId], [productTypeId]) VALUES (10, 2)
INSERT [dbo].[AttributeGroupProductType] ([attributeGroupId], [productTypeId]) VALUES (10, 4)
INSERT [dbo].[AttributeGroupProductType] ([attributeGroupId], [productTypeId]) VALUES (10, 5)
INSERT [dbo].[AttributeGroupProductType] ([attributeGroupId], [productTypeId]) VALUES (10, 6)

-- Feature
INSERT [dbo].[AttributeGroupProductType] ([attributeGroupId], [productTypeId]) VALUES (11, 1)
INSERT [dbo].[AttributeGroupProductType] ([attributeGroupId], [productTypeId]) VALUES (11, 2)
INSERT [dbo].[AttributeGroupProductType] ([attributeGroupId], [productTypeId]) VALUES (11, 3)
INSERT [dbo].[AttributeGroupProductType] ([attributeGroupId], [productTypeId]) VALUES (11, 4)
INSERT [dbo].[AttributeGroupProductType] ([attributeGroupId], [productTypeId]) VALUES (11, 5)
INSERT [dbo].[AttributeGroupProductType] ([attributeGroupId], [productTypeId]) VALUES (11, 6)
INSERT [dbo].[AttributeGroupProductType] ([attributeGroupId], [productTypeId]) VALUES (11, 7)
INSERT [dbo].[AttributeGroupProductType] ([attributeGroupId], [productTypeId]) VALUES (11, 8)

--Government LEvel
INSERT [dbo].[AttributeGroupProductType] ([attributeGroupId], [productTypeId]) VALUES (12, 2)
INSERT [dbo].[AttributeGroupProductType] ([attributeGroupId], [productTypeId]) VALUES (12, 3)
INSERT [dbo].[AttributeGroupProductType] ([attributeGroupId], [productTypeId]) VALUES (12, 5)

--Medium
INSERT [dbo].[AttributeGroupProductType] ([attributeGroupId], [productTypeId]) VALUES (14, 4)

--Membership
INSERT [dbo].[AttributeGroupProductType] ([attributeGroupId], [productTypeId]) VALUES (15, 1)
INSERT [dbo].[AttributeGroupProductType] ([attributeGroupId], [productTypeId]) VALUES (15, 2)
INSERT [dbo].[AttributeGroupProductType] ([attributeGroupId], [productTypeId]) VALUES (15, 3)
INSERT [dbo].[AttributeGroupProductType] ([attributeGroupId], [productTypeId]) VALUES (15, 4)
INSERT [dbo].[AttributeGroupProductType] ([attributeGroupId], [productTypeId]) VALUES (15, 5)
INSERT [dbo].[AttributeGroupProductType] ([attributeGroupId], [productTypeId]) VALUES (15, 6)
INSERT [dbo].[AttributeGroupProductType] ([attributeGroupId], [productTypeId]) VALUES (15, 7)

--Pets Policy
INSERT [dbo].[AttributeGroupProductType] ([attributeGroupId], [productTypeId]) VALUES (16, 1)
INSERT [dbo].[AttributeGroupProductType] ([attributeGroupId], [productTypeId]) VALUES (16, 3)
GO
print 'Processed 100 total records'
-- Print Options
INSERT [dbo].[AttributeGroupProductType] ([attributeGroupId], [productTypeId]) VALUES (17, 1)
INSERT [dbo].[AttributeGroupProductType] ([attributeGroupId], [productTypeId]) VALUES (17, 2)
INSERT [dbo].[AttributeGroupProductType] ([attributeGroupId], [productTypeId]) VALUES (17, 3)
INSERT [dbo].[AttributeGroupProductType] ([attributeGroupId], [productTypeId]) VALUES (17, 4)
INSERT [dbo].[AttributeGroupProductType] ([attributeGroupId], [productTypeId]) VALUES (17, 5)
INSERT [dbo].[AttributeGroupProductType] ([attributeGroupId], [productTypeId]) VALUES (17, 6)
INSERT [dbo].[AttributeGroupProductType] ([attributeGroupId], [productTypeId]) VALUES (17, 7)

--Product Category
INSERT [dbo].[AttributeGroupProductType] ([attributeGroupId], [productTypeId]) VALUES (18, 1)
INSERT [dbo].[AttributeGroupProductType] ([attributeGroupId], [productTypeId]) VALUES (18, 2)
INSERT [dbo].[AttributeGroupProductType] ([attributeGroupId], [productTypeId]) VALUES (18, 3)
INSERT [dbo].[AttributeGroupProductType] ([attributeGroupId], [productTypeId]) VALUES (18, 4)
INSERT [dbo].[AttributeGroupProductType] ([attributeGroupId], [productTypeId]) VALUES (18, 5)
INSERT [dbo].[AttributeGroupProductType] ([attributeGroupId], [productTypeId]) VALUES (18, 6)

--Restaurant Services
INSERT [dbo].[AttributeGroupProductType] ([attributeGroupId], [productTypeId]) VALUES (19, 7)

--Share information with
INSERT [dbo].[AttributeGroupProductType] ([attributeGroupId], [productTypeId]) VALUES (20, 1)
INSERT [dbo].[AttributeGroupProductType] ([attributeGroupId], [productTypeId]) VALUES (20, 3)

--Editor Checks
INSERT [dbo].[AttributeGroupProductType] ([attributeGroupId], [productTypeId]) VALUES (22, 1)
INSERT [dbo].[AttributeGroupProductType] ([attributeGroupId], [productTypeId]) VALUES (22, 2)
INSERT [dbo].[AttributeGroupProductType] ([attributeGroupId], [productTypeId]) VALUES (22, 3)
INSERT [dbo].[AttributeGroupProductType] ([attributeGroupId], [productTypeId]) VALUES (22, 4)
INSERT [dbo].[AttributeGroupProductType] ([attributeGroupId], [productTypeId]) VALUES (22, 5)
INSERT [dbo].[AttributeGroupProductType] ([attributeGroupId], [productTypeId]) VALUES (22, 6)
INSERT [dbo].[AttributeGroupProductType] ([attributeGroupId], [productTypeId]) VALUES (22, 7)
INSERT [dbo].[AttributeGroupProductType] ([attributeGroupId], [productTypeId]) VALUES (22, 8)

--Cuisine
INSERT [dbo].[AttributeGroupProductType] ([attributeGroupId], [productTypeId]) VALUES (23, 1)
INSERT [dbo].[AttributeGroupProductType] ([attributeGroupId], [productTypeId]) VALUES (23, 2)
INSERT [dbo].[AttributeGroupProductType] ([attributeGroupId], [productTypeId]) VALUES (23, 3)
INSERT [dbo].[AttributeGroupProductType] ([attributeGroupId], [productTypeId]) VALUES (23, 5)
INSERT [dbo].[AttributeGroupProductType] ([attributeGroupId], [productTypeId]) VALUES (23, 6)

--Tour Type
INSERT [dbo].[AttributeGroupProductType] ([attributeGroupId], [productTypeId]) VALUES (24, 6)

-- Restaurant Type
INSERT [dbo].[AttributeGroupProductType] ([attributeGroupId], [productTypeId]) VALUES (25, 7)

--Restaurant Specialty
INSERT [dbo].[AttributeGroupProductType] ([attributeGroupId], [productTypeId]) VALUES (26, 7)

--Exhibit Type
INSERT [dbo].[AttributeGroupProductType] ([attributeGroupId], [productTypeId]) VALUES (27, 4)

--Coordinate edit checks
INSERT [dbo].[AttributeGroupProductType] ([attributeGroupId], [productTypeId]) VALUES (28, 1)
INSERT [dbo].[AttributeGroupProductType] ([attributeGroupId], [productTypeId]) VALUES (28, 2)
INSERT [dbo].[AttributeGroupProductType] ([attributeGroupId], [productTypeId]) VALUES (28, 3)
INSERT [dbo].[AttributeGroupProductType] ([attributeGroupId], [productTypeId]) VALUES (28, 4)
INSERT [dbo].[AttributeGroupProductType] ([attributeGroupId], [productTypeId]) VALUES (28, 5)
INSERT [dbo].[AttributeGroupProductType] ([attributeGroupId], [productTypeId]) VALUES (28, 6)
INSERT [dbo].[AttributeGroupProductType] ([attributeGroupId], [productTypeId]) VALUES (28, 7)
INSERT [dbo].[AttributeGroupProductType] ([attributeGroupId], [productTypeId]) VALUES (28, 8)

--Transportation Type
INSERT [dbo].[AttributeGroupProductType] ([attributeGroupId], [productTypeId]) VALUES (29, 8)

--Access Advisor
INSERT [dbo].[AttributeGroupProductType] ([attributeGroupId], [productTypeId]) VALUES (30, 1)

--Trail Type
INSERT [dbo].[AttributeGroupProductType] ([attributeGroupId], [productTypeId]) VALUES (31, 5)
INSERT [dbo].[AttributeGroupProductType] ([attributeGroupId], [productTypeId]) VALUES (31, 13)

--Trail Pets Policy
INSERT [dbo].[AttributeGroupProductType] ([attributeGroupId], [productTypeId]) VALUES (32, 13)

--TRail Surface
INSERT [dbo].[AttributeGroupProductType] ([attributeGroupId], [productTypeId]) VALUES (33, 13)

--Cell Service
INSERT [dbo].[AttributeGroupProductType] ([attributeGroupId], [productTypeId]) VALUES (34, 13)
